-- MySQL dump 10.13  Distrib 5.7.29, for Linux (x86_64)
--
-- Host: localhost    Database: api
-- ------------------------------------------------------
-- Server version	5.7.29

/*!40101 SET @OLD_CHARACTER_SET_CLIENT=@@CHARACTER_SET_CLIENT */;
/*!40101 SET @OLD_CHARACTER_SET_RESULTS=@@CHARACTER_SET_RESULTS */;
/*!40101 SET @OLD_COLLATION_CONNECTION=@@COLLATION_CONNECTION */;
/*!40101 SET NAMES utf8 */;
/*!40103 SET @OLD_TIME_ZONE=@@TIME_ZONE */;
/*!40103 SET TIME_ZONE='+00:00' */;
/*!40014 SET @OLD_UNIQUE_CHECKS=@@UNIQUE_CHECKS, UNIQUE_CHECKS=0 */;
/*!40014 SET @OLD_FOREIGN_KEY_CHECKS=@@FOREIGN_KEY_CHECKS, FOREIGN_KEY_CHECKS=0 */;
/*!40101 SET @OLD_SQL_MODE=@@SQL_MODE, SQL_MODE='NO_AUTO_VALUE_ON_ZERO' */;
/*!40111 SET @OLD_SQL_NOTES=@@SQL_NOTES, SQL_NOTES=0 */;

--
-- Table structure for table `address`
--

DROP TABLE IF EXISTS `address`;
/*!40101 SET @saved_cs_client     = @@character_set_client */;
/*!40101 SET character_set_client = utf8 */;
CREATE TABLE `address` (
  `ADDR_ID` int(11) NOT NULL AUTO_INCREMENT,
  `ADDR_US_ID` int(11) NOT NULL,
  `ADDR_STREET` varchar(500) NOT NULL,
  `ADDR_SUITE` varchar(500) DEFAULT NULL,
  `ADDR_CITY` varchar(500) NOT NULL,
  `ADDR_ZIPCODE` varchar(500) NOT NULL,
  PRIMARY KEY (`ADDR_ID`),
  KEY `ADDR_US_ID` (`ADDR_US_ID`),
  CONSTRAINT `address_ibfk_1` FOREIGN KEY (`ADDR_US_ID`) REFERENCES `users` (`US_ID`)
) ENGINE=InnoDB AUTO_INCREMENT=11 DEFAULT CHARSET=utf8;
/*!40101 SET character_set_client = @saved_cs_client */;

--
-- Dumping data for table `address`
--

LOCK TABLES `address` WRITE;
/*!40000 ALTER TABLE `address` DISABLE KEYS */;
INSERT INTO `address` VALUES (1,1,'Kulas Light','Apt. 556','Gwenborough','92998-3874'),(2,2,'Victor Plains','Suite 879','Wisokyburgh','90566-7771'),(3,3,'Douglas Extension','Suite 847','McKenziehaven','59590-4157'),(4,4,'Hoeger Mall','Apt. 692','South Elvis','53919-4257'),(5,5,'Skiles Walks','Suite 351','Roscoeview','33263'),(6,6,'Norberto Crossing','Apt. 950','South Christy','23505-1337'),(7,7,'Rex Trail','Suite 280','Howemouth','58804-1099'),(8,8,'Ellsworth Summit','Suite 729','Aliyaview','45169'),(9,9,'Dayna Park','Suite 449','Bartholomebury','76495-3109'),(10,10,'Kattie Turnpike','Suite 198','Lebsackbury','31428-2261');
/*!40000 ALTER TABLE `address` ENABLE KEYS */;
UNLOCK TABLES;

--
-- Table structure for table `company`
--

DROP TABLE IF EXISTS `company`;
/*!40101 SET @saved_cs_client     = @@character_set_client */;
/*!40101 SET character_set_client = utf8 */;
CREATE TABLE `company` (
  `CP_ID` int(11) NOT NULL AUTO_INCREMENT,
  `CP_NAME` varchar(500) NOT NULL,
  `CP_CATCHPHRASE` text NOT NULL,
  `CP_BS` text NOT NULL,
  PRIMARY KEY (`CP_ID`)
) ENGINE=InnoDB AUTO_INCREMENT=11 DEFAULT CHARSET=utf8;
/*!40101 SET character_set_client = @saved_cs_client */;

--
-- Dumping data for table `company`
--

LOCK TABLES `company` WRITE;
/*!40000 ALTER TABLE `company` DISABLE KEYS */;
INSERT INTO `company` VALUES (1,'Romaguera-Crona','Multi-layered client-server neural-net','harness real-time e-markets'),(2,'Deckow-Crist','Proactive didactic contingency','synergize scalable supply-chains'),(3,'Romaguera-Jacobson','Face to face bifurcated interface','e-enable strategic applications'),(4,'Robel-Corkery','Multi-tiered zero tolerance productivity','transition cutting-edge web services'),(5,'Keebler LLC','User-centric fault-tolerant solution','revolutionize end-to-end systems'),(6,'Considine-Lockman','Synchronised bottom-line interface','e-enable innovative applications'),(7,'Johns Group','Configurable multimedia task-force','generate enterprise e-tailers'),(8,'Abernathy Group','Implemented secondary concept','e-enable extensible e-tailers'),(9,'Yost and Sons','Switchable contextually-based project','aggregate real-time technologies'),(10,'Hoeger LLC','Centralized empowering task-force','target end-to-end models');
/*!40000 ALTER TABLE `company` ENABLE KEYS */;
UNLOCK TABLES;

--
-- Table structure for table `geolocation`
--

DROP TABLE IF EXISTS `geolocation`;
/*!40101 SET @saved_cs_client     = @@character_set_client */;
/*!40101 SET character_set_client = utf8 */;
CREATE TABLE `geolocation` (
  `GEO_ID` int(11) NOT NULL AUTO_INCREMENT,
  `GEO_ADDR_ID` int(11) DEFAULT NULL,
  `GEO_LAT` varchar(500) NOT NULL,
  `GEO_LNG` varchar(500) NOT NULL,
  PRIMARY KEY (`GEO_ID`),
  KEY `GEO_ADDR_ID` (`GEO_ADDR_ID`),
  CONSTRAINT `geolocation_ibfk_1` FOREIGN KEY (`GEO_ADDR_ID`) REFERENCES `address` (`ADDR_ID`)
) ENGINE=InnoDB AUTO_INCREMENT=11 DEFAULT CHARSET=utf8;
/*!40101 SET character_set_client = @saved_cs_client */;

--
-- Dumping data for table `geolocation`
--

LOCK TABLES `geolocation` WRITE;
/*!40000 ALTER TABLE `geolocation` DISABLE KEYS */;
INSERT INTO `geolocation` VALUES (1,1,'-37.3159','81.1496'),(2,2,'-43.9509','-34.4618'),(3,3,'-68.6102','-47.0653'),(4,4,'29.4572','-164.2990'),(5,5,'-31.8129','62.5342'),(6,6,'-71.4197','71.7478'),(7,7,'24.8918','21.8984'),(8,8,'-14.3990','-120.7677'),(9,9,'24.6463','-168.8889'),(10,10,'-38.2386','57.2232');
/*!40000 ALTER TABLE `geolocation` ENABLE KEYS */;
UNLOCK TABLES;

--
-- Table structure for table `post`
--

DROP TABLE IF EXISTS `post`;
/*!40101 SET @saved_cs_client     = @@character_set_client */;
/*!40101 SET character_set_client = utf8 */;
CREATE TABLE `post` (
  `PS_ID` int(11) NOT NULL AUTO_INCREMENT,
  `PS_US_ID` int(11) DEFAULT NULL,
  `PS_TITLE` text NOT NULL,
  `PS_BODY` text,
  PRIMARY KEY (`PS_ID`),
  KEY `PS_US_ID` (`PS_US_ID`),
  CONSTRAINT `post_ibfk_1` FOREIGN KEY (`PS_US_ID`) REFERENCES `users` (`US_ID`)
) ENGINE=InnoDB AUTO_INCREMENT=101 DEFAULT CHARSET=utf8;
/*!40101 SET character_set_client = @saved_cs_client */;

--
-- Dumping data for table `post`
--

LOCK TABLES `post` WRITE;
/*!40000 ALTER TABLE `post` DISABLE KEYS */;
INSERT INTO `post` VALUES (1,1,'sunt aut facere repellat provident occaecati excepturi optio reprehenderit','quia et suscipit\nsuscipit recusandae consequuntur expedita et cum\nreprehenderit molestiae ut ut quas totam\nnostrum rerum est autem sunt rem eveniet architecto'),(2,1,'qui est esse','est rerum tempore vitae\nsequi sint nihil reprehenderit dolor beatae ea dolores neque\nfugiat blanditiis voluptate porro vel nihil molestiae ut reiciendis\nqui aperiam non debitis possimus qui neque nisi nulla'),(3,1,'ea molestias quasi exercitationem repellat qui ipsa sit aut','et iusto sed quo iure\nvoluptatem occaecati omnis eligendi aut ad\nvoluptatem doloribus vel accusantium quis pariatur\nmolestiae porro eius odio et labore et velit aut'),(4,1,'eum et est occaecati','ullam et saepe reiciendis voluptatem adipisci\nsit amet autem assumenda provident rerum culpa\nquis hic commodi nesciunt rem tenetur doloremque ipsam iure\nquis sunt voluptatem rerum illo velit'),(5,1,'nesciunt quas odio','repudiandae veniam quaerat sunt sed\nalias aut fugiat sit autem sed est\nvoluptatem omnis possimus esse voluptatibus quis\nest aut tenetur dolor neque'),(6,1,'dolorem eum magni eos aperiam quia','ut aspernatur corporis harum nihil quis provident sequi\nmollitia nobis aliquid molestiae\nperspiciatis et ea nemo ab reprehenderit accusantium quas\nvoluptate dolores velit et doloremque molestiae'),(7,1,'magnam facilis autem','dolore placeat quibusdam ea quo vitae\nmagni quis enim qui quis quo nemo aut saepe\nquidem repellat excepturi ut quia\nsunt ut sequi eos ea sed quas'),(8,1,'dolorem dolore est ipsam','dignissimos aperiam dolorem qui eum\nfacilis quibusdam animi sint suscipit qui sint possimus cum\nquaerat magni maiores excepturi\nipsam ut commodi dolor voluptatum modi aut vitae'),(9,1,'nesciunt iure omnis dolorem tempora et accusantium','consectetur animi nesciunt iure dolore\nenim quia ad\nveniam autem ut quam aut nobis\net est aut quod aut provident voluptas autem voluptas'),(10,1,'optio molestias id quia eum','quo et expedita modi cum officia vel magni\ndoloribus qui repudiandae\nvero nisi sit\nquos veniam quod sed accusamus veritatis error'),(11,2,'et ea vero quia laudantium autem','delectus reiciendis molestiae occaecati non minima eveniet qui voluptatibus\naccusamus in eum beatae sit\nvel qui neque voluptates ut commodi qui incidunt\nut animi commodi'),(12,2,'in quibusdam tempore odit est dolorem','itaque id aut magnam\npraesentium quia et ea odit et ea voluptas et\nsapiente quia nihil amet occaecati quia id voluptatem\nincidunt ea est distinctio odio'),(13,2,'dolorum ut in voluptas mollitia et saepe quo animi','aut dicta possimus sint mollitia voluptas commodi quo doloremque\niste corrupti reiciendis voluptatem eius rerum\nsit cumque quod eligendi laborum minima\nperferendis recusandae assumenda consectetur porro architecto ipsum ipsam'),(14,2,'voluptatem eligendi optio','fuga et accusamus dolorum perferendis illo voluptas\nnon doloremque neque facere\nad qui dolorum molestiae beatae\nsed aut voluptas totam sit illum'),(15,2,'eveniet quod temporibus','reprehenderit quos placeat\nvelit minima officia dolores impedit repudiandae molestiae nam\nvoluptas recusandae quis delectus\nofficiis harum fugiat vitae'),(16,2,'sint suscipit perspiciatis velit dolorum rerum ipsa laboriosam odio','suscipit nam nisi quo aperiam aut\nasperiores eos fugit maiores voluptatibus quia\nvoluptatem quis ullam qui in alias quia est\nconsequatur magni mollitia accusamus ea nisi voluptate dicta'),(17,2,'fugit voluptas sed molestias voluptatem provident','eos voluptas et aut odit natus earum\naspernatur fuga molestiae ullam\ndeserunt ratione qui eos\nqui nihil ratione nemo velit ut aut id quo'),(18,2,'voluptate et itaque vero tempora molestiae','eveniet quo quis\nlaborum totam consequatur non dolor\nut et est repudiandae\nest voluptatem vel debitis et magnam'),(19,2,'adipisci placeat illum aut reiciendis qui','illum quis cupiditate provident sit magnam\nea sed aut omnis\nveniam maiores ullam consequatur atque\nadipisci quo iste expedita sit quos voluptas'),(20,2,'doloribus ad provident suscipit at','qui consequuntur ducimus possimus quisquam amet similique\nsuscipit porro ipsam amet\neos veritatis officiis exercitationem vel fugit aut necessitatibus totam\nomnis rerum consequatur expedita quidem cumque explicabo'),(21,3,'asperiores ea ipsam voluptatibus modi minima quia sint','repellat aliquid praesentium dolorem quo\nsed totam minus non itaque\nnihil labore molestiae sunt dolor eveniet hic recusandae veniam\ntempora et tenetur expedita sunt'),(22,3,'dolor sint quo a velit explicabo quia nam','eos qui et ipsum ipsam suscipit aut\nsed omnis non odio\nexpedita earum mollitia molestiae aut atque rem suscipit\nnam impedit esse'),(23,3,'maxime id vitae nihil numquam','veritatis unde neque eligendi\nquae quod architecto quo neque vitae\nest illo sit tempora doloremque fugit quod\net et vel beatae sequi ullam sed tenetur perspiciatis'),(24,3,'autem hic labore sunt dolores incidunt','enim et ex nulla\nomnis voluptas quia qui\nvoluptatem consequatur numquam aliquam sunt\ntotam recusandae id dignissimos aut sed asperiores deserunt'),(25,3,'rem alias distinctio quo quis','ullam consequatur ut\nomnis quis sit vel consequuntur\nipsa eligendi ipsum molestiae et omnis error nostrum\nmolestiae illo tempore quia et distinctio'),(26,3,'est et quae odit qui non','similique esse doloribus nihil accusamus\nomnis dolorem fuga consequuntur reprehenderit fugit recusandae temporibus\nperspiciatis cum ut laudantium\nomnis aut molestiae vel vero'),(27,3,'quasi id et eos tenetur aut quo autem','eum sed dolores ipsam sint possimus debitis occaecati\ndebitis qui qui et\nut placeat enim earum aut odit facilis\nconsequatur suscipit necessitatibus rerum sed inventore temporibus consequatur'),(28,3,'delectus ullam et corporis nulla voluptas sequi','non et quaerat ex quae ad maiores\nmaiores recusandae totam aut blanditiis mollitia quas illo\nut voluptatibus voluptatem\nsimilique nostrum eum'),(29,3,'iusto eius quod necessitatibus culpa ea','odit magnam ut saepe sed non qui\ntempora atque nihil\naccusamus illum doloribus illo dolor\neligendi repudiandae odit magni similique sed cum maiores'),(30,3,'a quo magni similique perferendis','alias dolor cumque\nimpedit blanditiis non eveniet odio maxime\nblanditiis amet eius quis tempora quia autem rem\na provident perspiciatis quia'),(31,4,'ullam ut quidem id aut vel consequuntur','debitis eius sed quibusdam non quis consectetur vitae\nimpedit ut qui consequatur sed aut in\nquidem sit nostrum et maiores adipisci atque\nquaerat voluptatem adipisci repudiandae'),(32,4,'doloremque illum aliquid sunt','deserunt eos nobis asperiores et hic\nest debitis repellat molestiae optio\nnihil ratione ut eos beatae quibusdam distinctio maiores\nearum voluptates et aut adipisci ea maiores voluptas maxime'),(33,4,'qui explicabo molestiae dolorem','rerum ut et numquam laborum odit est sit\nid qui sint in\nquasi tenetur tempore aperiam et quaerat qui in\nrerum officiis sequi cumque quod'),(34,4,'magnam ut rerum iure','ea velit perferendis earum ut voluptatem voluptate itaque iusto\ntotam pariatur in\nnemo voluptatem voluptatem autem magni tempora minima in\nest distinctio qui assumenda accusamus dignissimos officia nesciunt nobis'),(35,4,'id nihil consequatur molestias animi provident','nisi error delectus possimus ut eligendi vitae\nplaceat eos harum cupiditate facilis reprehenderit voluptatem beatae\nmodi ducimus quo illum voluptas eligendi\net nobis quia fugit'),(36,4,'fuga nam accusamus voluptas reiciendis itaque','ad mollitia et omnis minus architecto odit\nvoluptas doloremque maxime aut non ipsa qui alias veniam\nblanditiis culpa aut quia nihil cumque facere et occaecati\nqui aspernatur quia eaque ut aperiam inventore'),(37,4,'provident vel ut sit ratione est','debitis et eaque non officia sed nesciunt pariatur vel\nvoluptatem iste vero et ea\nnumquam aut expedita ipsum nulla in\nvoluptates omnis consequatur aut enim officiis in quam qui'),(38,4,'explicabo et eos deleniti nostrum ab id repellendus','animi esse sit aut sit nesciunt assumenda eum voluptas\nquia voluptatibus provident quia necessitatibus ea\nrerum repudiandae quia voluptatem delectus fugit aut id quia\nratione optio eos iusto veniam iure'),(39,4,'eos dolorem iste accusantium est eaque quam','corporis rerum ducimus vel eum accusantium\nmaxime aspernatur a porro possimus iste omnis\nest in deleniti asperiores fuga aut\nvoluptas sapiente vel dolore minus voluptatem incidunt ex'),(40,4,'enim quo cumque','ut voluptatum aliquid illo tenetur nemo sequi quo facilis\nipsum rem optio mollitia quas\nvoluptatem eum voluptas qui\nunde omnis voluptatem iure quasi maxime voluptas nam'),(41,5,'non est facere','molestias id nostrum\nexcepturi molestiae dolore omnis repellendus quaerat saepe\nconsectetur iste quaerat tenetur asperiores accusamus ex ut\nnam quidem est ducimus sunt debitis saepe'),(42,5,'commodi ullam sint et excepturi error explicabo praesentium voluptas','odio fugit voluptatum ducimus earum autem est incidunt voluptatem\nodit reiciendis aliquam sunt sequi nulla dolorem\nnon facere repellendus voluptates quia\nratione harum vitae ut'),(43,5,'eligendi iste nostrum consequuntur adipisci praesentium sit beatae perferendis','similique fugit est\nillum et dolorum harum et voluptate eaque quidem\nexercitationem quos nam commodi possimus cum odio nihil nulla\ndolorum exercitationem magnam ex et a et distinctio debitis'),(44,5,'optio dolor molestias sit','temporibus est consectetur dolore\net libero debitis vel velit laboriosam quia\nipsum quibusdam qui itaque fuga rem aut\nea et iure quam sed maxime ut distinctio quae'),(45,5,'ut numquam possimus omnis eius suscipit laudantium iure','est natus reiciendis nihil possimus aut provident\nex et dolor\nrepellat pariatur est\nnobis rerum repellendus dolorem autem'),(46,5,'aut quo modi neque nostrum ducimus','voluptatem quisquam iste\nvoluptatibus natus officiis facilis dolorem\nquis quas ipsam\nvel et voluptatum in aliquid'),(47,5,'quibusdam cumque rem aut deserunt','voluptatem assumenda ut qui ut cupiditate aut impedit veniam\noccaecati nemo illum voluptatem laudantium\nmolestiae beatae rerum ea iure soluta nostrum\neligendi et voluptate'),(48,5,'ut voluptatem illum ea doloribus itaque eos','voluptates quo voluptatem facilis iure occaecati\nvel assumenda rerum officia et\nillum perspiciatis ab deleniti\nlaudantium repellat ad ut et autem reprehenderit'),(49,5,'laborum non sunt aut ut assumenda perspiciatis voluptas','inventore ab sint\nnatus fugit id nulla sequi architecto nihil quaerat\neos tenetur in in eum veritatis non\nquibusdam officiis aspernatur cumque aut commodi aut'),(50,5,'repellendus qui recusandae incidunt voluptates tenetur qui omnis exercitationem','error suscipit maxime adipisci consequuntur recusandae\nvoluptas eligendi et est et voluptates\nquia distinctio ab amet quaerat molestiae et vitae\nadipisci impedit sequi nesciunt quis consectetur'),(51,6,'soluta aliquam aperiam consequatur illo quis voluptas','sunt dolores aut doloribus\ndolore doloribus voluptates tempora et\ndoloremque et quo\ncum asperiores sit consectetur dolorem'),(52,6,'qui enim et consequuntur quia animi quis voluptate quibusdam','iusto est quibusdam fuga quas quaerat molestias\na enim ut sit accusamus enim\ntemporibus iusto accusantium provident architecto\nsoluta esse reprehenderit qui laborum'),(53,6,'ut quo aut ducimus alias','minima harum praesentium eum rerum illo dolore\nquasi exercitationem rerum nam\nporro quis neque quo\nconsequatur minus dolor quidem veritatis sunt non explicabo similique'),(54,6,'sit asperiores ipsam eveniet odio non quia','totam corporis dignissimos\nvitae dolorem ut occaecati accusamus\nex velit deserunt\net exercitationem vero incidunt corrupti mollitia'),(55,6,'sit vel voluptatem et non libero','debitis excepturi ea perferendis harum libero optio\neos accusamus cum fuga ut sapiente repudiandae\net ut incidunt omnis molestiae\nnihil ut eum odit'),(56,6,'qui et at rerum necessitatibus','aut est omnis dolores\nneque rerum quod ea rerum velit pariatur beatae excepturi\net provident voluptas corrupti\ncorporis harum reprehenderit dolores eligendi'),(57,6,'sed ab est est','at pariatur consequuntur earum quidem\nquo est laudantium soluta voluptatem\nqui ullam et est\net cum voluptas voluptatum repellat est'),(58,6,'voluptatum itaque dolores nisi et quasi','veniam voluptatum quae adipisci id\net id quia eos ad et dolorem\naliquam quo nisi sunt eos impedit error\nad similique veniam'),(59,6,'qui commodi dolor at maiores et quis id accusantium','perspiciatis et quam ea autem temporibus non voluptatibus qui\nbeatae a earum officia nesciunt dolores suscipit voluptas et\nanimi doloribus cum rerum quas et magni\net hic ut ut commodi expedita sunt'),(60,6,'consequatur placeat omnis quisquam quia reprehenderit fugit veritatis facere','asperiores sunt ab assumenda cumque modi velit\nqui esse omnis\nvoluptate et fuga perferendis voluptas\nillo ratione amet aut et omnis'),(61,7,'voluptatem doloribus consectetur est ut ducimus','ab nemo optio odio\ndelectus tenetur corporis similique nobis repellendus rerum omnis facilis\nvero blanditiis debitis in nesciunt doloribus dicta dolores\nmagnam minus velit'),(62,7,'beatae enim quia vel','enim aspernatur illo distinctio quae praesentium\nbeatae alias amet delectus qui voluptate distinctio\nodit sint accusantium autem omnis\nquo molestiae omnis ea eveniet optio'),(63,7,'voluptas blanditiis repellendus animi ducimus error sapiente et suscipit','enim adipisci aspernatur nemo\nnumquam omnis facere dolorem dolor ex quis temporibus incidunt\nab delectus culpa quo reprehenderit blanditiis asperiores\naccusantium ut quam in voluptatibus voluptas ipsam dicta'),(64,7,'et fugit quas eum in in aperiam quod','id velit blanditiis\neum ea voluptatem\nmolestiae sint occaecati est eos perspiciatis\nincidunt a error provident eaque aut aut qui'),(65,7,'consequatur id enim sunt et et','voluptatibus ex esse\nsint explicabo est aliquid cumque adipisci fuga repellat labore\nmolestiae corrupti ex saepe at asperiores et perferendis\nnatus id esse incidunt pariatur'),(66,7,'repudiandae ea animi iusto','officia veritatis tenetur vero qui itaque\nsint non ratione\nsed et ut asperiores iusto eos molestiae nostrum\nveritatis quibusdam et nemo iusto saepe'),(67,7,'aliquid eos sed fuga est maxime repellendus','reprehenderit id nostrum\nvoluptas doloremque pariatur sint et accusantium quia quod aspernatur\net fugiat amet\nnon sapiente et consequatur necessitatibus molestiae'),(68,7,'odio quis facere architecto reiciendis optio','magnam molestiae perferendis quisquam\nqui cum reiciendis\nquaerat animi amet hic inventore\nea quia deleniti quidem saepe porro velit'),(69,7,'fugiat quod pariatur odit minima','officiis error culpa consequatur modi asperiores et\ndolorum assumenda voluptas et vel qui aut vel rerum\nvoluptatum quisquam perspiciatis quia rerum consequatur totam quas\nsequi commodi repudiandae asperiores et saepe a'),(70,7,'voluptatem laborum magni','sunt repellendus quae\nest asperiores aut deleniti esse accusamus repellendus quia aut\nquia dolorem unde\neum tempora esse dolore'),(71,8,'et iusto veniam et illum aut fuga','occaecati a doloribus\niste saepe consectetur placeat eum voluptate dolorem et\nqui quo quia voluptas\nrerum ut id enim velit est perferendis'),(72,8,'sint hic doloribus consequatur eos non id','quam occaecati qui deleniti consectetur\nconsequatur aut facere quas exercitationem aliquam hic voluptas\nneque id sunt ut aut accusamus\nsunt consectetur expedita inventore velit'),(73,8,'consequuntur deleniti eos quia temporibus ab aliquid at','voluptatem cumque tenetur consequatur expedita ipsum nemo quia explicabo\naut eum minima consequatur\ntempore cumque quae est et\net in consequuntur voluptatem voluptates aut'),(74,8,'enim unde ratione doloribus quas enim ut sit sapiente','odit qui et et necessitatibus sint veniam\nmollitia amet doloremque molestiae commodi similique magnam et quam\nblanditiis est itaque\nquo et tenetur ratione occaecati molestiae tempora'),(75,8,'dignissimos eum dolor ut enim et delectus in','commodi non non omnis et voluptas sit\nautem aut nobis magnam et sapiente voluptatem\net laborum repellat qui delectus facilis temporibus\nrerum amet et nemo voluptate expedita adipisci error dolorem'),(76,8,'doloremque officiis ad et non perferendis','ut animi facere\ntotam iusto tempore\nmolestiae eum aut et dolorem aperiam\nquaerat recusandae totam odio'),(77,8,'necessitatibus quasi exercitationem odio','modi ut in nulla repudiandae dolorum nostrum eos\naut consequatur omnis\nut incidunt est omnis iste et quam\nvoluptates sapiente aliquam asperiores nobis amet corrupti repudiandae provident'),(78,8,'quam voluptatibus rerum veritatis','nobis facilis odit tempore cupiditate quia\nassumenda doloribus rerum qui ea\nillum et qui totam\naut veniam repellendus'),(79,8,'pariatur consequatur quia magnam autem omnis non amet','libero accusantium et et facere incidunt sit dolorem\nnon excepturi qui quia sed laudantium\nquisquam molestiae ducimus est\nofficiis esse molestiae iste et quos'),(80,8,'labore in ex et explicabo corporis aut quas','ex quod dolorem ea eum iure qui provident amet\nquia qui facere excepturi et repudiandae\nasperiores molestias provident\nminus incidunt vero fugit rerum sint sunt excepturi provident'),(81,9,'tempora rem veritatis voluptas quo dolores vero','facere qui nesciunt est voluptatum voluptatem nisi\nsequi eligendi necessitatibus ea at rerum itaque\nharum non ratione velit laboriosam quis consequuntur\nex officiis minima doloremque voluptas ut aut'),(82,9,'laudantium voluptate suscipit sunt enim enim','ut libero sit aut totam inventore sunt\nporro sint qui sunt molestiae\nconsequatur cupiditate qui iste ducimus adipisci\ndolor enim assumenda soluta laboriosam amet iste delectus hic'),(83,9,'odit et voluptates doloribus alias odio et','est molestiae facilis quis tempora numquam nihil qui\nvoluptate sapiente consequatur est qui\nnecessitatibus autem aut ipsa aperiam modi dolore numquam\nreprehenderit eius rem quibusdam'),(84,9,'optio ipsam molestias necessitatibus occaecati facilis veritatis dolores aut','sint molestiae magni a et quos\neaque et quasi\nut rerum debitis similique veniam\nrecusandae dignissimos dolor incidunt consequatur odio'),(85,9,'dolore veritatis porro provident adipisci blanditiis et sunt','similique sed nisi voluptas iusto omnis\nmollitia et quo\nassumenda suscipit officia magnam sint sed tempora\nenim provident pariatur praesentium atque animi amet ratione'),(86,9,'placeat quia et porro iste','quasi excepturi consequatur iste autem temporibus sed molestiae beatae\net quaerat et esse ut\nvoluptatem occaecati et vel explicabo autem\nasperiores pariatur deserunt optio'),(87,9,'nostrum quis quasi placeat','eos et molestiae\nnesciunt ut a\ndolores perspiciatis repellendus repellat aliquid\nmagnam sint rem ipsum est'),(88,9,'sapiente omnis fugit eos','consequatur omnis est praesentium\nducimus non iste\nneque hic deserunt\nvoluptatibus veniam cum et rerum sed'),(89,9,'sint soluta et vel magnam aut ut sed qui','repellat aut aperiam totam temporibus autem et\narchitecto magnam ut\nconsequatur qui cupiditate rerum quia soluta dignissimos nihil iure\ntempore quas est'),(90,9,'ad iusto omnis odit dolor voluptatibus','minus omnis soluta quia\nqui sed adipisci voluptates illum ipsam voluptatem\neligendi officia ut in\neos soluta similique molestias praesentium blanditiis'),(91,10,'aut amet sed','libero voluptate eveniet aperiam sed\nsunt placeat suscipit molestias\nsimilique fugit nam natus\nexpedita consequatur consequatur dolores quia eos et placeat'),(92,10,'ratione ex tenetur perferendis','aut et excepturi dicta laudantium sint rerum nihil\nlaudantium et at\na neque minima officia et similique libero et\ncommodi voluptate qui'),(93,10,'beatae soluta recusandae','dolorem quibusdam ducimus consequuntur dicta aut quo laboriosam\nvoluptatem quis enim recusandae ut sed sunt\nnostrum est odit totam\nsit error sed sunt eveniet provident qui nulla'),(94,10,'qui qui voluptates illo iste minima','aspernatur expedita soluta quo ab ut similique\nexpedita dolores amet\nsed temporibus distinctio magnam saepe deleniti\nomnis facilis nam ipsum natus sint similique omnis'),(95,10,'id minus libero illum nam ad officiis','earum voluptatem facere provident blanditiis velit laboriosam\npariatur accusamus odio saepe\ncumque dolor qui a dicta ab doloribus consequatur omnis\ncorporis cupiditate eaque assumenda ad nesciunt'),(96,10,'quaerat velit veniam amet cupiditate aut numquam ut sequi','in non odio excepturi sint eum\nlabore voluptates vitae quia qui et\ninventore itaque rerum\nveniam non exercitationem delectus aut'),(97,10,'quas fugiat ut perspiciatis vero provident','eum non blanditiis soluta porro quibusdam voluptas\nvel voluptatem qui placeat dolores qui velit aut\nvel inventore aut cumque culpa explicabo aliquid at\nperspiciatis est et voluptatem dignissimos dolor itaque sit nam'),(98,10,'laboriosam dolor voluptates','doloremque ex facilis sit sint culpa\nsoluta assumenda eligendi non ut eius\nsequi ducimus vel quasi\nveritatis est dolores'),(99,10,'temporibus sit alias delectus eligendi possimus magni','quo deleniti praesentium dicta non quod\naut est molestias\nmolestias et officia quis nihil\nitaque dolorem quia'),(100,10,'at nam consequatur ea labore ea harum','cupiditate quo est a modi nesciunt soluta\nipsa voluptas error itaque dicta in\nautem qui minus magnam et distinctio eum\naccusamus ratione error aut');
/*!40000 ALTER TABLE `post` ENABLE KEYS */;
UNLOCK TABLES;

--
-- Table structure for table `users`
--

DROP TABLE IF EXISTS `users`;
/*!40101 SET @saved_cs_client     = @@character_set_client */;
/*!40101 SET character_set_client = utf8 */;
CREATE TABLE `users` (
  `US_ID` int(11) NOT NULL AUTO_INCREMENT,
  `US_NAME` varchar(500) NOT NULL,
  `US_USERNAME` varchar(500) NOT NULL,
  `US_EMAIL` varchar(500) NOT NULL,
  `US_PHONE` varchar(500) NOT NULL,
  `US_WEBSITE` varchar(500) NOT NULL,
  `US_CP_ID` int(11) NOT NULL,
  PRIMARY KEY (`US_ID`),
  KEY `US_CP_ID` (`US_CP_ID`),
  CONSTRAINT `users_ibfk_1` FOREIGN KEY (`US_CP_ID`) REFERENCES `company` (`CP_ID`)
) ENGINE=InnoDB AUTO_INCREMENT=11 DEFAULT CHARSET=utf8;
/*!40101 SET character_set_client = @saved_cs_client */;

--
-- Dumping data for table `users`
--

LOCK TABLES `users` WRITE;
/*!40000 ALTER TABLE `users` DISABLE KEYS */;
INSERT INTO `users` VALUES (1,'Leanne Graham','Bret','Sincere@april.biz','1-770-736-8031 x56442','hildegard.org',1),(2,'Ervin Howell','Antonette','Shanna@melissa.tv','010-692-6593 x09125','anastasia.net',2),(3,'Clementine Bauch','Samantha','Nathan@yesenia.net','1-463-123-4447','ramiro.info',3),(4,'Patricia Lebsack','Karianne','Julianne.OConner@kory.org','493-170-9623 x156','kale.biz',4),(5,'Chelsey Dietrich','Kamren','Lucio_Hettinger@annie.ca','(254)954-1289','demarco.info',5),(6,'Mrs. Dennis Schulist','Leopoldo_Corkery','Karley_Dach@jasper.info','1-477-935-8478 x6430','ola.org',6),(7,'Kurtis Weissnat','Elwyn.Skiles','Telly.Hoeger@billy.biz','210.067.6132','elvis.io',7),(8,'Nicholas Runolfsdottir V','Maxime_Nienow','Sherwood@rosamond.me','586.493.6943 x140','jacynthe.com',8),(9,'Glenna Reichert','Delphine','Chaim_McDermott@dana.io','(775)976-6794 x41206','conrad.com',9),(10,'Clementina DuBuque','Moriah.Stanton','Rey.Padberg@karina.biz','024-648-3804','ambrose.net',10);
/*!40000 ALTER TABLE `users` ENABLE KEYS */;
UNLOCK TABLES;
/*!40103 SET TIME_ZONE=@OLD_TIME_ZONE */;

/*!40101 SET SQL_MODE=@OLD_SQL_MODE */;
/*!40014 SET FOREIGN_KEY_CHECKS=@OLD_FOREIGN_KEY_CHECKS */;
/*!40014 SET UNIQUE_CHECKS=@OLD_UNIQUE_CHECKS */;
/*!40101 SET CHARACTER_SET_CLIENT=@OLD_CHARACTER_SET_CLIENT */;
/*!40101 SET CHARACTER_SET_RESULTS=@OLD_CHARACTER_SET_RESULTS */;
/*!40101 SET COLLATION_CONNECTION=@OLD_COLLATION_CONNECTION */;
/*!40111 SET SQL_NOTES=@OLD_SQL_NOTES */;

-- Dump completed on 2020-01-29 11:10:13
